date,total_visitors,school_visitors,public_visitors,extra,opening_hours,temperature_max,temperature_min,temperature_mean,apparent_temp_max,apparent_temp_min,apparent_temp_mean,precipitation,rain,snowfall,precipitation_hours,precipitation_probability,weather_code,wind_speed_max,wind_gusts_max,wind_direction,sunshine_duration,daylight_duration,cloud_cover_percent,is_rainy,is_snowy,is_windy,is_nice_weather,sunshine_ratio,feels_like_delta,weather_forecast_confidence,temperature_trend_3d,is_weather_improving,is_holiday,is_spring_break,is_autumn_break,is_winter_break,is_easter_break,is_halfyear_break,is_summer_holiday,is_any_school_break,school_break_type,days_to_next_break,days_from_last_break,is_week_before_break,is_week_after_break,season_exact,week_position,is_month_end,school_week_number,is_bridge_day,long_weekend_length
2026-01-01,,,,Nový rok / Den obnovy samostatného českého státu,,,,,,,,,,,,,,,,,,,,,,,,,,,,,1,0,0,1,0,0,0,1,winter,29,63,0,0,winter,first_week,0,18,0,0
2026-01-02,,,,,,,,,,,,,,,,,,,,,,,,,,,,,,,,,0,0,0,1,0,0,0,1,winter,28,64,0,0,winter,first_week,0,18,0,2
2026-01-03,,,,,,,,,,,,,,,,,,,,,,,,,,,,,,,,,0,0,0,0,0,0,0,0,,27,1,0,1,winter,first_week,0,18,0,2
2026-01-04,,,,,,,,,,,,,,,,,,,,,,,,,,,,,,,,,0,0,0,0,0,0,0,0,,26,2,0,1,winter,first_week,0,18,0,2
2026-01-05,,,,,,,,,,,,,,,,,,,,,,,,,,,,,,,,,0,0,0,0,0,0,0,0,,25,3,0,1,winter,first_week,0,19,0,2
2026-01-06,,,,,,,,,,,,,,,,,,,,,,,,,,,,,,,,,0,0,0,0,0,0,0,0,,24,4,0,1,winter,first_week,0,19,0,0
2026-01-07,,,,,,,,,,,,,,,,,,,,,,,,,,,,,,,,,0,0,0,0,0,0,0,0,,23,5,0,1,winter,first_week,0,19,0,0
2026-01-08,,,,,,,,,,,,,,,,,,,,,,,,,,,,,,,,,0,0,0,0,0,0,0,0,,22,6,0,1,winter,second_week,0,19,0,0
2026-01-09,,,,,,,,,,,,,,,,,,,,,,,,,,,,,,,,,0,0,0,0,0,0,0,0,,21,7,0,1,winter,second_week,0,19,0,2
2026-01-10,,,,,,,,,,,,,,,,,,,,,,,,,,,,,,,,,0,0,0,0,0,0,0,0,,20,8,0,0,winter,second_week,0,19,0,2
2026-01-11,,,,,,,,,,,,,,,,,,,,,,,,,,,,,,,,,0,0,0,0,0,0,0,0,,19,9,0,0,winter,second_week,0,19,0,2
2026-01-12,,,,,,,,,,,,,,,,,,,,,,,,,,,,,,,,,0,0,0,0,0,0,0,0,,18,10,0,0,winter,second_week,0,20,0,2
2026-01-13,,,,,,,,,,,,,,,,,,,,,,,,,,,,,,,,,0,0,0,0,0,0,0,0,,17,11,0,0,winter,second_week,0,20,0,0
2026-01-14,,,,,,,,,,,,,,,,,,,,,,,,,,,,,,,,,0,0,0,0,0,0,0,0,,16,12,0,0,winter,second_week,0,20,0,0
2026-01-15,,,,,,,,,,,,,,,,,,,,,,,,,,,,,,,,,0,0,0,0,0,0,0,0,,15,13,0,0,winter,third_week,0,20,0,0
2026-01-16,,,,,,,,,,,,,,,,,,,,,,,,,,,,,,,,,0,0,0,0,0,0,0,0,,14,14,0,0,winter,third_week,0,20,0,2
2026-01-17,,,,,,,,,,,,,,,,,,,,,,,,,,,,,,,,,0,0,0,0,0,0,0,0,,13,15,0,0,winter,third_week,0,20,0,2
2026-01-18,,,,,,,,,,,,,,,,,,,,,,,,,,,,,,,,,0,0,0,0,0,0,0,0,,12,16,0,0,winter,third_week,0,20,0,2
2026-01-19,,,,,,,,,,,,,,,,,,,,,,,,,,,,,,,,,0,0,0,0,0,0,0,0,,11,17,0,0,winter,third_week,0,21,0,2
2026-01-20,,,,,,,,,,,,,,,,,,,,,,,,,,,,,,,,,0,0,0,0,0,0,0,0,,10,18,0,0,winter,third_week,0,21,0,0
2026-01-21,,,,,,,,,,,,,,,,,,,,,,,,,,,,,,,,,0,0,0,0,0,0,0,0,,9,19,0,0,winter,third_week,0,21,0,0
2026-01-22,,,,,,,,,,,,,,,,,,,,,,,,,,,,,,,,,0,0,0,0,0,0,0,0,,8,20,0,0,winter,last_week,0,21,0,0
2026-01-23,,,,,,,,,,,,,,,,,,,,,,,,,,,,,,,,,0,0,0,0,0,0,0,0,,7,21,1,0,winter,last_week,0,21,0,2
2026-01-24,,,,,,,,,,,,,,,,,,,,,,,,,,,,,,,,,0,0,0,0,0,0,0,0,,6,22,1,0,winter,last_week,0,21,0,2
2026-01-25,,,,,,,,,,,,,,,,,,,,,,,,,,,,,,,,,0,0,0,0,0,0,0,0,,5,23,1,0,winter,last_week,1,21,0,2
2026-01-26,,,,,,,,,,,,,,,,,,,,,,,,,,,,,,,,,0,0,0,0,0,0,0,0,,4,24,1,0,winter,last_week,1,22,0,2
2026-01-27,,,,,,,,,,,,,,,,,,,,,,,,,,,,,,,,,0,0,0,0,0,0,0,0,,3,25,1,0,winter,last_week,1,22,0,0
2026-01-28,,,,,,,,,,,,,,,,,,,,,,,,,,,,,,,,,0,0,0,0,0,0,0,0,,2,26,1,0,winter,last_week,1,22,0,0
2026-01-29,,,,,,,,,,,,,,,,,,,,,,,,,,,,,,,,,0,0,0,0,0,0,0,0,,1,27,1,0,winter,last_week,1,22,0,0
2026-01-30,,,,,,,,,,,,,,,,,,,,,,,,,,,,,,,,,0,0,0,0,0,1,0,1,halfyear,24,28,0,0,winter,last_week,1,22,0,2
2026-01-31,,,,,,,,,,,,,,,,,,,,,,,,,,,,,,,,,0,0,0,0,0,0,0,0,,23,1,0,1,winter,last_week,1,22,0,2
2026-02-01,,,,,,,,,,,,,,,,,,,,,,,,,,,,,,,,,0,0,0,0,0,0,0,0,,22,2,0,1,winter,first_week,0,22,0,2
2026-02-02,,,,,,,,,,,,,,,,,,,,,,,,,,,,,,,,,0,0,0,0,0,0,0,0,,21,3,0,1,winter,first_week,0,23,0,2
2026-02-03,,,,,,,,,,,,,,,,,,,,,,,,,,,,,,,,,0,0,0,0,0,0,0,0,,20,4,0,1,winter,first_week,0,23,0,0
2026-02-04,,,,,,,,,,,,,,,,,,,,,,,,,,,,,,,,,0,0,0,0,0,0,0,0,,19,5,0,1,winter,first_week,0,23,0,0
2026-02-05,,,,,,,,,,,,,,,,,,,,,,,,,,,,,,,,,0,0,0,0,0,0,0,0,,18,6,0,1,winter,first_week,0,23,0,0
2026-02-06,,,,,,,,,,,,,,,,,,,,,,,,,,,,,,,,,0,0,0,0,0,0,0,0,,17,7,0,1,winter,first_week,0,23,0,2
2026-02-07,,,,,,,,,,,,,,,,,,,,,,,,,,,,,,,,,0,0,0,0,0,0,0,0,,16,8,0,0,winter,first_week,0,23,0,2
2026-02-08,,,,,,,,,,,,,,,,,,,,,,,,,,,,,,,,,0,0,0,0,0,0,0,0,,15,9,0,0,winter,second_week,0,23,0,2
2026-02-09,,,,,,,,,,,,,,,,,,,,,,,,,,,,,,,,,0,0,0,0,0,0,0,0,,14,10,0,0,winter,second_week,0,24,0,2
2026-02-10,,,,,,,,,,,,,,,,,,,,,,,,,,,,,,,,,0,0,0,0,0,0,0,0,,13,11,0,0,winter,second_week,0,24,0,0
2026-02-11,,,,,,,,,,,,,,,,,,,,,,,,,,,,,,,,,0,0,0,0,0,0,0,0,,12,12,0,0,winter,second_week,0,24,0,0
2026-02-12,,,,,,,,,,,,,,,,,,,,,,,,,,,,,,,,,0,0,0,0,0,0,0,0,,11,13,0,0,winter,second_week,0,24,0,0
2026-02-13,,,,,,,,,,,,,,,,,,,,,,,,,,,,,,,,,0,0,0,0,0,0,0,0,,10,14,0,0,winter,second_week,0,24,0,2
2026-02-14,,,,,,,,,,,,,,,,,,,,,,,,,,,,,,,,,0,0,0,0,0,0,0,0,,9,15,0,0,winter,second_week,0,24,0,2
2026-02-15,,,,,,,,,,,,,,,,,,,,,,,,,,,,,,,,,0,0,0,0,0,0,0,0,,8,16,0,0,winter,third_week,0,24,0,2
2026-02-16,,,,,,,,,,,,,,,,,,,,,,,,,,,,,,,,,0,0,0,0,0,0,0,0,,7,17,1,0,winter,third_week,0,25,0,2
2026-02-17,,,,,,,,,,,,,,,,,,,,,,,,,,,,,,,,,0,0,0,0,0,0,0,0,,6,18,1,0,winter,third_week,0,25,0,0
2026-02-18,,,,,,,,,,,,,,,,,,,,,,,,,,,,,,,,,0,0,0,0,0,0,0,0,,5,19,1,0,winter,third_week,0,25,0,0
2026-02-19,,,,,,,,,,,,,,,,,,,,,,,,,,,,,,,,,0,0,0,0,0,0,0,0,,4,20,1,0,winter,third_week,0,25,0,0
2026-02-20,,,,,,,,,,,,,,,,,,,,,,,,,,,,,,,,,0,0,0,0,0,0,0,0,,3,21,1,0,winter,third_week,0,25,0,2
2026-02-21,,,,,,,,,,,,,,,,,,,,,,,,,,,,,,,,,0,0,0,0,0,0,0,0,,2,22,1,0,winter,third_week,0,25,0,2
2026-02-22,,,,,,,,,,,,,,,,,,,,,,,,,,,,,,,,,0,0,0,0,0,0,0,0,,1,23,1,0,winter,last_week,0,25,0,2
2026-02-23,,,,,,,,,,,,,,,,,,,,,,,,,,,,,,,,,0,1,0,0,0,0,0,1,spring,38,24,0,0,winter,last_week,0,26,0,2
2026-02-24,,,,,,,,,,,,,,,,,,,,,,,,,,,,,,,,,0,1,0,0,0,0,0,1,spring,37,25,0,0,winter,last_week,0,26,0,0
2026-02-25,,,,,,,,,,,,,,,,,,,,,,,,,,,,,,,,,0,1,0,0,0,0,0,1,spring,36,26,0,0,winter,last_week,1,26,0,0
2026-02-26,,,,,,,,,,,,,,,,,,,,,,,,,,,,,,,,,0,1,0,0,0,0,0,1,spring,35,27,0,0,winter,last_week,1,26,0,0
2026-02-27,,,,,,,,,,,,,,,,,,,,,,,,,,,,,,,,,0,1,0,0,0,0,0,1,spring,34,28,0,0,winter,last_week,1,26,0,2
2026-02-28,,,,,,,,,,,,,,,,,,,,,,,,,,,,,,,,,0,1,0,0,0,0,0,1,spring,33,29,0,0,winter,last_week,1,26,0,2
2026-03-01,,,,,,,,,,,,,,,,,,,,,,,,,,,,,,,,,0,1,0,0,0,0,0,1,spring,32,30,0,0,spring,first_week,0,26,0,2
2026-03-02,,,,,,,,,,,,,,,,,,,,,,,,,,,,,,,,,0,0,0,0,0,0,0,0,,31,1,0,1,spring,first_week,0,27,0,2
2026-03-03,,,,,,,,,,,,,,,,,,,,,,,,,,,,,,,,,0,0,0,0,0,0,0,0,,30,2,0,1,spring,first_week,0,27,0,0
2026-03-04,,,,,,,,,,,,,,,,,,,,,,,,,,,,,,,,,0,0,0,0,0,0,0,0,,29,3,0,1,spring,first_week,0,27,0,0
2026-03-05,,,,,,,,,,,,,,,,,,,,,,,,,,,,,,,,,0,0,0,0,0,0,0,0,,28,4,0,1,spring,first_week,0,27,0,0
2026-03-06,,,,,,,,,,,,,,,,,,,,,,,,,,,,,,,,,0,0,0,0,0,0,0,0,,27,5,0,1,spring,first_week,0,27,0,2
2026-03-07,,,,,,,,,,,,,,,,,,,,,,,,,,,,,,,,,0,0,0,0,0,0,0,0,,26,6,0,1,spring,first_week,0,27,0,2
2026-03-08,,,,,,,,,,,,,,,,,,,,,,,,,,,,,,,,,0,0,0,0,0,0,0,0,,25,7,0,1,spring,second_week,0,27,0,2
2026-03-09,,,,,,,,,,,,,,,,,,,,,,,,,,,,,,,,,0,0,0,0,0,0,0,0,,24,8,0,0,spring,second_week,0,28,0,2
2026-03-10,,,,,,,,,,,,,,,,,,,,,,,,,,,,,,,,,0,0,0,0,0,0,0,0,,23,9,0,0,spring,second_week,0,28,0,0
2026-03-11,,,,,,,,,,,,,,,,,,,,,,,,,,,,,,,,,0,0,0,0,0,0,0,0,,22,10,0,0,spring,second_week,0,28,0,0
2026-03-12,,,,,,,,,,,,,,,,,,,,,,,,,,,,,,,,,0,0,0,0,0,0,0,0,,21,11,0,0,spring,second_week,0,28,0,0
2026-03-13,,,,,,,,,,,,,,,,,,,,,,,,,,,,,,,,,0,0,0,0,0,0,0,0,,20,12,0,0,spring,second_week,0,28,0,2
2026-03-14,,,,,,,,,,,,,,,,,,,,,,,,,,,,,,,,,0,0,0,0,0,0,0,0,,19,13,0,0,spring,second_week,0,28,0,2
2026-03-15,,,,,,,,,,,,,,,,,,,,,,,,,,,,,,,,,0,0,0,0,0,0,0,0,,18,14,0,0,spring,third_week,0,28,0,2
2026-03-16,,,,,,,,,,,,,,,,,,,,,,,,,,,,,,,,,0,0,0,0,0,0,0,0,,17,15,0,0,spring,third_week,0,29,0,2
2026-03-17,,,,,,,,,,,,,,,,,,,,,,,,,,,,,,,,,0,0,0,0,0,0,0,0,,16,16,0,0,spring,third_week,0,29,0,0
2026-03-18,,,,,,,,,,,,,,,,,,,,,,,,,,,,,,,,,0,0,0,0,0,0,0,0,,15,17,0,0,spring,third_week,0,29,0,0
2026-03-19,,,,,,,,,,,,,,,,,,,,,,,,,,,,,,,,,0,0,0,0,0,0,0,0,,14,18,0,0,spring,third_week,0,29,0,0
2026-03-20,,,,,,,,,,,,,,,,,,,,,,,,,,,,,,,,,0,0,0,0,0,0,0,0,,13,19,0,0,spring,third_week,0,29,0,2
2026-03-21,,,,,,,,,,,,,,,,,,,,,,,,,,,,,,,,,0,0,0,0,0,0,0,0,,12,20,0,0,spring,third_week,0,29,0,2
2026-03-22,,,,,,,,,,,,,,,,,,,,,,,,,,,,,,,,,0,0,0,0,0,0,0,0,,11,21,0,0,spring,last_week,0,29,0,2
2026-03-23,,,,,,,,,,,,,,,,,,,,,,,,,,,,,,,,,0,0,0,0,0,0,0,0,,10,22,0,0,spring,last_week,0,30,0,2
2026-03-24,,,,,,,,,,,,,,,,,,,,,,,,,,,,,,,,,0,0,0,0,0,0,0,0,,9,23,0,0,spring,last_week,0,30,0,0
2026-03-25,,,,,,,,,,,,,,,,,,,,,,,,,,,,,,,,,0,0,0,0,0,0,0,0,,8,24,0,0,spring,last_week,1,30,0,0
2026-03-26,,,,,,,,,,,,,,,,,,,,,,,,,,,,,,,,,0,0,0,0,0,0,0,0,,7,25,1,0,spring,last_week,1,30,0,0
2026-03-27,,,,,,,,,,,,,,,,,,,,,,,,,,,,,,,,,0,0,0,0,0,0,0,0,,6,26,1,0,spring,last_week,1,30,0,2
2026-03-28,,,,,,,,,,,,,,,,,,,,,,,,,,,,,,,,,0,0,0,0,0,0,0,0,,5,27,1,0,spring,last_week,1,30,0,2
2026-03-29,,,,,,,,,,,,,,,,,,,,,,,,,,,,,,,,,0,0,0,0,0,0,0,0,,4,28,1,0,spring,last_week,1,30,0,2
2026-03-30,,,,,,,,,,,,,,,,,,,,,,,,,,,,,,,,,0,0,0,0,0,0,0,0,,3,29,1,0,spring,last_week,1,31,0,2
2026-03-31,,,,,,,,,,,,,,,,,,,,,,,,,,,,,,,,,0,0,0,0,0,0,0,0,,2,30,1,0,spring,last_week,1,31,0,0
2026-04-01,,,,,,,,,,,,,,,,,,,,,,,,,,,,,,,,,0,0,0,0,0,0,0,0,,1,31,1,0,spring,first_week,0,31,0,0
2026-04-02,,,,,,,,,,,,,,,,,,,,,,,,,,,,,,,,,0,0,0,0,1,0,0,1,easter,86,32,0,0,spring,first_week,0,31,0,0
2026-04-03,,,,,,,,,,,,,,,,,,,,,,,,,,,,,,,,,0,0,0,0,1,0,0,1,easter,85,33,0,0,spring,first_week,0,31,1,2
2026-04-04,,,,,,,,,,,,,,,,,,,,,,,,,,,,,,,,,0,0,0,0,0,0,0,0,,84,1,0,1,spring,first_week,0,31,0,2
2026-04-05,,,,,,,,,,,,,,,,,,,,,,,,,,,,,,,,,0,0,0,0,0,0,0,0,,83,2,0,1,spring,first_week,0,31,0,3
2026-04-06,,,,Velikonoční pondělí,,,,,,,,,,,,,,,,,,,,,,,,,,,,,1,0,0,0,0,0,0,0,,82,3,0,1,spring,first_week,0,32,0,2
2026-04-07,,,,,,,,,,,,,,,,,,,,,,,,,,,,,,,,,0,0,0,0,0,0,0,0,,81,4,0,1,spring,first_week,0,32,0,0
2026-04-08,,,,,,,,,,,,,,,,,,,,,,,,,,,,,,,,,0,0,0,0,0,0,0,0,,80,5,0,1,spring,second_week,0,32,0,0
2026-04-09,,,,,,,,,,,,,,,,,,,,,,,,,,,,,,,,,0,0,0,0,0,0,0,0,,79,6,0,1,spring,second_week,0,32,0,0
2026-04-10,,,,,,,,,,,,,,,,,,,,,,,,,,,,,,,,,0,0,0,0,0,0,0,0,,78,7,0,1,spring,second_week,0,32,0,2
2026-04-11,,,,,,,,,,,,,,,,,,,,,,,,,,,,,,,,,0,0,0,0,0,0,0,0,,77,8,0,0,spring,second_week,0,32,0,2
2026-04-12,,,,,,,,,,,,,,,,,,,,,,,,,,,,,,,,,0,0,0,0,0,0,0,0,,76,9,0,0,spring,second_week,0,32,0,2
2026-04-13,,,,,,,,,,,,,,,,,,,,,,,,,,,,,,,,,0,0,0,0,0,0,0,0,,75,10,0,0,spring,second_week,0,33,0,2
2026-04-14,,,,,,,,,,,,,,,,,,,,,,,,,,,,,,,,,0,0,0,0,0,0,0,0,,74,11,0,0,spring,second_week,0,33,0,0
2026-04-15,,,,,,,,,,,,,,,,,,,,,,,,,,,,,,,,,0,0,0,0,0,0,0,0,,73,12,0,0,spring,third_week,0,33,0,0
2026-04-16,,,,,,,,,,,,,,,,,,,,,,,,,,,,,,,,,0,0,0,0,0,0,0,0,,72,13,0,0,spring,third_week,0,33,0,0
2026-04-17,,,,,,,,,,,,,,,,,,,,,,,,,,,,,,,,,0,0,0,0,0,0,0,0,,71,14,0,0,spring,third_week,0,33,0,2
2026-04-18,,,,,,,,,,,,,,,,,,,,,,,,,,,,,,,,,0,0,0,0,0,0,0,0,,70,15,0,0,spring,third_week,0,33,0,2
2026-04-19,,,,,,,,,,,,,,,,,,,,,,,,,,,,,,,,,0,0,0,0,0,0,0,0,,69,16,0,0,spring,third_week,0,33,0,2
2026-04-20,,,,,,,,,,,,,,,,,,,,,,,,,,,,,,,,,0,0,0,0,0,0,0,0,,68,17,0,0,spring,third_week,0,34,0,2
2026-04-21,,,,,,,,,,,,,,,,,,,,,,,,,,,,,,,,,0,0,0,0,0,0,0,0,,67,18,0,0,spring,third_week,0,34,0,0
2026-04-22,,,,,,,,,,,,,,,,,,,,,,,,,,,,,,,,,0,0,0,0,0,0,0,0,,66,19,0,0,spring,last_week,0,34,0,0
2026-04-23,,,,,,,,,,,,,,,,,,,,,,,,,,,,,,,,,0,0,0,0,0,0,0,0,,65,20,0,0,spring,last_week,0,34,0,0
2026-04-24,,,,,,,,,,,,,,,,,,,,,,,,,,,,,,,,,0,0,0,0,0,0,0,0,,64,21,0,0,spring,last_week,0,34,0,2
2026-04-25,,,,,,,,,,,,,,,,,,,,,,,,,,,,,,,,,0,0,0,0,0,0,0,0,,63,22,0,0,spring,last_week,1,34,0,2
2026-04-26,,,,,,,,,,,,,,,,,,,,,,,,,,,,,,,,,0,0,0,0,0,0,0,0,,62,23,0,0,spring,last_week,1,34,0,2
2026-04-27,,,,,,,,,,,,,,,,,,,,,,,,,,,,,,,,,0,0,0,0,0,0,0,0,,61,24,0,0,spring,last_week,1,35,0,2
2026-04-28,,,,,,,,,,,,,,,,,,,,,,,,,,,,,,,,,0,0,0,0,0,0,0,0,,60,25,0,0,spring,last_week,1,35,0,0
2026-04-29,,,,,,,,,,,,,,,,,,,,,,,,,,,,,,,,,0,0,0,0,0,0,0,0,,59,26,0,0,spring,last_week,1,35,0,0
2026-04-30,,,,,,,,,,,,,,,,,,,,,,,,,,,,,,,,,0,0,0,0,0,0,0,0,,58,27,0,0,spring,last_week,1,35,0,0
2026-05-01,,,,Svátek práce,,,,,,,,,,,,,,,,,,,,,,,,,,,,,1,0,0,0,0,0,0,0,,57,28,0,0,spring,first_week,0,35,0,2
2026-05-02,,,,,,,,,,,,,,,,,,,,,,,,,,,,,,,,,0,0,0,0,0,0,0,0,,56,29,0,0,spring,first_week,0,35,0,2
2026-05-03,,,,,,,,,,,,,,,,,,,,,,,,,,,,,,,,,0,0,0,0,0,0,0,0,,55,30,0,0,spring,first_week,0,35,0,3
2026-05-04,,,,,,,,,,,,,,,,,,,,,,,,,,,,,,,,,0,0,0,0,0,0,0,0,,54,31,0,0,spring,first_week,0,36,1,2
2026-05-05,,,,,,,,,,,,,,,,,,,,,,,,,,,,,,,,,0,0,0,0,0,0,0,0,,53,32,0,0,spring,first_week,0,36,0,0
2026-05-06,,,,,,,,,,,,,,,,,,,,,,,,,,,,,,,,,0,0,0,0,0,0,0,0,,52,33,0,0,spring,first_week,0,36,0,0
2026-05-07,,,,,,,,,,,,,,,,,,,,,,,,,,,,,,,,,0,0,0,0,0,0,0,0,,51,34,0,0,spring,first_week,0,36,0,0
2026-05-08,,,,Den vítězství,,,,,,,,,,,,,,,,,,,,,,,,,,,,,1,0,0,0,0,0,0,0,,50,35,0,0,spring,second_week,0,36,0,2
2026-05-09,,,,,,,,,,,,,,,,,,,,,,,,,,,,,,,,,0,0,0,0,0,0,0,0,,49,36,0,0,spring,second_week,0,36,0,2
2026-05-10,,,,,,,,,,,,,,,,,,,,,,,,,,,,,,,,,0,0,0,0,0,0,0,0,,48,37,0,0,spring,second_week,0,36,0,3
2026-05-11,,,,,,,,,,,,,,,,,,,,,,,,,,,,,,,,,0,0,0,0,0,0,0,0,,47,38,0,0,spring,second_week,0,37,1,2
2026-05-12,,,,,,,,,,,,,,,,,,,,,,,,,,,,,,,,,0,0,0,0,0,0,0,0,,46,39,0,0,spring,second_week,0,37,0,0
2026-05-13,,,,,,,,,,,,,,,,,,,,,,,,,,,,,,,,,0,0,0,0,0,0,0,0,,45,40,0,0,spring,second_week,0,37,0,0
2026-05-14,,,,,,,,,,,,,,,,,,,,,,,,,,,,,,,,,0,0,0,0,0,0,0,0,,44,41,0,0,spring,second_week,0,37,0,0
2026-05-15,,,,,,,,,,,,,,,,,,,,,,,,,,,,,,,,,0,0,0,0,0,0,0,0,,43,42,0,0,spring,third_week,0,37,0,2
2026-05-16,,,,,,,,,,,,,,,,,,,,,,,,,,,,,,,,,0,0,0,0,0,0,0,0,,42,43,0,0,spring,third_week,0,37,0,2
2026-05-17,,,,,,,,,,,,,,,,,,,,,,,,,,,,,,,,,0,0,0,0,0,0,0,0,,41,44,0,0,spring,third_week,0,37,0,2
2026-05-18,,,,,,,,,,,,,,,,,,,,,,,,,,,,,,,,,0,0,0,0,0,0,0,0,,40,45,0,0,spring,third_week,0,38,0,2
2026-05-19,,,,,,,,,,,,,,,,,,,,,,,,,,,,,,,,,0,0,0,0,0,0,0,0,,39,46,0,0,spring,third_week,0,38,0,0
2026-05-20,,,,,,,,,,,,,,,,,,,,,,,,,,,,,,,,,0,0,0,0,0,0,0,0,,38,47,0,0,spring,third_week,0,38,0,0
2026-05-21,,,,,,,,,,,,,,,,,,,,,,,,,,,,,,,,,0,0,0,0,0,0,0,0,,37,48,0,0,spring,third_week,0,38,0,0
2026-05-22,,,,,,,,,,,,,,,,,,,,,,,,,,,,,,,,,0,0,0,0,0,0,0,0,,36,49,0,0,spring,last_week,0,38,0,2
2026-05-23,,,,,,,,,,,,,,,,,,,,,,,,,,,,,,,,,0,0,0,0,0,0,0,0,,35,50,0,0,spring,last_week,0,38,0,2
2026-05-24,,,,,,,,,,,,,,,,,,,,,,,,,,,,,,,,,0,0,0,0,0,0,0,0,,34,51,0,0,spring,last_week,0,38,0,2
2026-05-25,,,,,,,,,,,,,,,,,,,,,,,,,,,,,,,,,0,0,0,0,0,0,0,0,,33,52,0,0,spring,last_week,1,39,0,2
2026-05-26,,,,,,,,,,,,,,,,,,,,,,,,,,,,,,,,,0,0,0,0,0,0,0,0,,32,53,0,0,spring,last_week,1,39,0,0
2026-05-27,,,,,,,,,,,,,,,,,,,,,,,,,,,,,,,,,0,0,0,0,0,0,0,0,,31,54,0,0,spring,last_week,1,39,0,0
2026-05-28,,,,,,,,,,,,,,,,,,,,,,,,,,,,,,,,,0,0,0,0,0,0,0,0,,30,55,0,0,spring,last_week,1,39,0,0
2026-05-29,,,,,,,,,,,,,,,,,,,,,,,,,,,,,,,,,0,0,0,0,0,0,0,0,,29,56,0,0,spring,last_week,1,39,0,2
2026-05-30,,,,,,,,,,,,,,,,,,,,,,,,,,,,,,,,,0,0,0,0,0,0,0,0,,28,57,0,0,spring,last_week,1,39,0,2
2026-05-31,,,,,,,,,,,,,,,,,,,,,,,,,,,,,,,,,0,0,0,0,0,0,0,0,,27,58,0,0,spring,last_week,1,39,0,2
2026-06-01,,,,,,,,,,,,,,,,,,,,,,,,,,,,,,,,,0,0,0,0,0,0,0,0,,26,59,0,0,summer,first_week,0,40,0,2
2026-06-02,,,,,,,,,,,,,,,,,,,,,,,,,,,,,,,,,0,0,0,0,0,0,0,0,,25,60,0,0,summer,first_week,0,40,0,0
2026-06-03,,,,,,,,,,,,,,,,,,,,,,,,,,,,,,,,,0,0,0,0,0,0,0,0,,24,61,0,0,summer,first_week,0,40,0,0
2026-06-04,,,,,,,,,,,,,,,,,,,,,,,,,,,,,,,,,0,0,0,0,0,0,0,0,,23,62,0,0,summer,first_week,0,40,0,0
2026-06-05,,,,,,,,,,,,,,,,,,,,,,,,,,,,,,,,,0,0,0,0,0,0,0,0,,22,63,0,0,summer,first_week,0,40,0,2
2026-06-06,,,,,,,,,,,,,,,,,,,,,,,,,,,,,,,,,0,0,0,0,0,0,0,0,,21,64,0,0,summer,first_week,0,40,0,2
2026-06-07,,,,,,,,,,,,,,,,,,,,,,,,,,,,,,,,,0,0,0,0,0,0,0,0,,20,65,0,0,summer,first_week,0,40,0,2
2026-06-08,,,,,,,,,,,,,,,,,,,,,,,,,,,,,,,,,0,0,0,0,0,0,0,0,,19,66,0,0,summer,second_week,0,40,0,2
2026-06-09,,,,,,,,,,,,,,,,,,,,,,,,,,,,,,,,,0,0,0,0,0,0,0,0,,18,67,0,0,summer,second_week,0,40,0,0
2026-06-10,,,,,,,,,,,,,,,,,,,,,,,,,,,,,,,,,0,0,0,0,0,0,0,0,,17,68,0,0,summer,second_week,0,40,0,0
2026-06-11,,,,,,,,,,,,,,,,,,,,,,,,,,,,,,,,,0,0,0,0,0,0,0,0,,16,69,0,0,summer,second_week,0,40,0,0
2026-06-12,,,,,,,,,,,,,,,,,,,,,,,,,,,,,,,,,0,0,0,0,0,0,0,0,,15,70,0,0,summer,second_week,0,40,0,2
2026-06-13,,,,,,,,,,,,,,,,,,,,,,,,,,,,,,,,,0,0,0,0,0,0,0,0,,14,71,0,0,summer,second_week,0,40,0,2
2026-06-14,,,,,,,,,,,,,,,,,,,,,,,,,,,,,,,,,0,0,0,0,0,0,0,0,,13,72,0,0,summer,second_week,0,40,0,2
2026-06-15,,,,,,,,,,,,,,,,,,,,,,,,,,,,,,,,,0,0,0,0,0,0,0,0,,12,73,0,0,summer,third_week,0,40,0,2
2026-06-16,,,,,,,,,,,,,,,,,,,,,,,,,,,,,,,,,0,0,0,0,0,0,0,0,,11,74,0,0,summer,third_week,0,40,0,0
2026-06-17,,,,,,,,,,,,,,,,,,,,,,,,,,,,,,,,,0,0,0,0,0,0,0,0,,10,75,0,0,summer,third_week,0,40,0,0
2026-06-18,,,,,,,,,,,,,,,,,,,,,,,,,,,,,,,,,0,0,0,0,0,0,0,0,,9,76,0,0,summer,third_week,0,40,0,0
2026-06-19,,,,,,,,,,,,,,,,,,,,,,,,,,,,,,,,,0,0,0,0,0,0,0,0,,8,77,0,0,summer,third_week,0,40,0,2
2026-06-20,,,,,,,,,,,,,,,,,,,,,,,,,,,,,,,,,0,0,0,0,0,0,0,0,,7,78,1,0,summer,third_week,0,40,0,2
2026-06-21,,,,,,,,,,,,,,,,,,,,,,,,,,,,,,,,,0,0,0,0,0,0,0,0,,6,79,1,0,summer,third_week,0,40,0,2
2026-06-22,,,,,,,,,,,,,,,,,,,,,,,,,,,,,,,,,0,0,0,0,0,0,0,0,,5,80,1,0,summer,last_week,0,40,0,2
2026-06-23,,,,,,,,,,,,,,,,,,,,,,,,,,,,,,,,,0,0,0,0,0,0,0,0,,4,81,1,0,summer,last_week,0,40,0,0
2026-06-24,,,,,,,,,,,,,,,,,,,,,,,,,,,,,,,,,0,0,0,0,0,0,0,0,,3,82,1,0,summer,last_week,0,40,0,0
2026-06-25,,,,,,,,,,,,,,,,,,,,,,,,,,,,,,,,,0,0,0,0,0,0,0,0,,2,83,1,0,summer,last_week,1,40,0,0
2026-06-26,,,,,,,,,,,,,,,,,,,,,,,,,,,,,,,,,0,0,0,0,0,0,0,0,,1,84,1,0,summer,last_week,1,40,0,2
2026-06-27,,,,,,,,,,,,,,,,,,,,,,,,,,,,,,,,,0,0,0,0,0,0,1,1,summer,0,85,0,0,summer,last_week,1,40,0,2
2026-06-28,,,,,,,,,,,,,,,,,,,,,,,,,,,,,,,,,0,0,0,0,0,0,1,1,summer,0,86,0,0,summer,last_week,1,40,0,2
2026-06-29,,,,,,,,,,,,,,,,,,,,,,,,,,,,,,,,,0,0,0,0,0,0,1,1,summer,0,87,0,0,summer,last_week,1,40,0,2
2026-06-30,,,,,,,,,,,,,,,,,,,,,,,,,,,,,,,,,0,0,0,0,0,0,1,1,summer,0,88,0,0,summer,last_week,1,40,0,0
2026-07-01,,,,,10-18,,,,,,,,,,,,,,,,,,,,,,,,,,,,0,0,0,0,0,0,1,1,summer,0,89,0,0,summer,first_week,0,40,0,0
2026-07-02,,,,,10-18,,,,,,,,,,,,,,,,,,,,,,,,,,,,0,0,0,0,0,0,1,1,summer,0,90,0,0,summer,first_week,0,40,0,0
2026-07-03,,,,,10-18,,,,,,,,,,,,,,,,,,,,,,,,,,,,0,0,0,0,0,0,1,1,summer,0,91,0,0,summer,first_week,0,40,1,2
2026-07-04,,,,,10-18,,,,,,,,,,,,,,,,,,,,,,,,,,,,0,0,0,0,0,0,1,1,summer,0,92,0,0,summer,first_week,0,40,0,2
2026-07-05,,,,Den slovanských věrozvěstů Cyrila a Metoděje,10-18,,,,,,,,,,,,,,,,,,,,,,,,,,,,1,0,0,0,0,0,1,1,summer,0,93,0,0,summer,first_week,0,40,0,3
2026-07-06,,,,Den upálení mistra Jana Husa,10-18,,,,,,,,,,,,,,,,,,,,,,,,,,,,1,0,0,0,0,0,1,1,summer,0,94,0,0,summer,first_week,0,40,0,2
2026-07-07,,,,,10-18,,,,,,,,,,,,,,,,,,,,,,,,,,,,0,0,0,0,0,0,1,1,summer,0,95,0,0,summer,first_week,0,40,0,0
2026-07-08,,,,,10-18,,,,,,,,,,,,,,,,,,,,,,,,,,,,0,0,0,0,0,0,1,1,summer,0,96,0,0,summer,second_week,0,40,0,0
2026-07-09,,,,,10-18,,,,,,,,,,,,,,,,,,,,,,,,,,,,0,0,0,0,0,0,1,1,summer,0,97,0,0,summer,second_week,0,40,0,0
2026-07-10,,,,,10-18,,,,,,,,,,,,,,,,,,,,,,,,,,,,0,0,0,0,0,0,1,1,summer,0,98,0,0,summer,second_week,0,40,0,2
2026-07-11,,,,,10-18,,,,,,,,,,,,,,,,,,,,,,,,,,,,0,0,0,0,0,0,1,1,summer,0,99,0,0,summer,second_week,0,40,0,2
2026-07-12,,,,,10-18,,,,,,,,,,,,,,,,,,,,,,,,,,,,0,0,0,0,0,0,1,1,summer,0,100,0,0,summer,second_week,0,40,0,2
2026-07-13,,,,,10-18,,,,,,,,,,,,,,,,,,,,,,,,,,,,0,0,0,0,0,0,1,1,summer,0,101,0,0,summer,second_week,0,40,0,2
2026-07-14,,,,,10-18,,,,,,,,,,,,,,,,,,,,,,,,,,,,0,0,0,0,0,0,1,1,summer,0,102,0,0,summer,second_week,0,40,0,0
2026-07-15,,,,,10-18,,,,,,,,,,,,,,,,,,,,,,,,,,,,0,0,0,0,0,0,1,1,summer,0,103,0,0,summer,third_week,0,40,0,0
2026-07-16,,,,,10-18,,,,,,,,,,,,,,,,,,,,,,,,,,,,0,0,0,0,0,0,1,1,summer,0,104,0,0,summer,third_week,0,40,0,0
2026-07-17,,,,,10-18,,,,,,,,,,,,,,,,,,,,,,,,,,,,0,0,0,0,0,0,1,1,summer,0,105,0,0,summer,third_week,0,40,0,2
2026-07-18,,,,,10-18,,,,,,,,,,,,,,,,,,,,,,,,,,,,0,0,0,0,0,0,1,1,summer,0,106,0,0,summer,third_week,0,40,0,2
2026-07-19,,,,,10-18,,,,,,,,,,,,,,,,,,,,,,,,,,,,0,0,0,0,0,0,1,1,summer,0,107,0,0,summer,third_week,0,40,0,2
2026-07-20,,,,,10-18,,,,,,,,,,,,,,,,,,,,,,,,,,,,0,0,0,0,0,0,1,1,summer,0,108,0,0,summer,third_week,0,40,0,2
2026-07-21,,,,,10-18,,,,,,,,,,,,,,,,,,,,,,,,,,,,0,0,0,0,0,0,1,1,summer,0,109,0,0,summer,third_week,0,40,0,0
2026-07-22,,,,,10-18,,,,,,,,,,,,,,,,,,,,,,,,,,,,0,0,0,0,0,0,1,1,summer,0,110,0,0,summer,last_week,0,40,0,0
2026-07-23,,,,,10-18,,,,,,,,,,,,,,,,,,,,,,,,,,,,0,0,0,0,0,0,1,1,summer,0,111,0,0,summer,last_week,0,40,0,0
2026-07-24,,,,,10-18,,,,,,,,,,,,,,,,,,,,,,,,,,,,0,0,0,0,0,0,1,1,summer,0,112,0,0,summer,last_week,0,40,0,2
2026-07-25,,,,,10-18,,,,,,,,,,,,,,,,,,,,,,,,,,,,0,0,0,0,0,0,1,1,summer,0,113,0,0,summer,last_week,1,40,0,2
2026-07-26,,,,,10-18,,,,,,,,,,,,,,,,,,,,,,,,,,,,0,0,0,0,0,0,1,1,summer,0,114,0,0,summer,last_week,1,40,0,2
2026-07-27,,,,,10-18,,,,,,,,,,,,,,,,,,,,,,,,,,,,0,0,0,0,0,0,1,1,summer,0,115,0,0,summer,last_week,1,40,0,2
2026-07-28,,,,,10-18,,,,,,,,,,,,,,,,,,,,,,,,,,,,0,0,0,0,0,0,1,1,summer,0,116,0,0,summer,last_week,1,40,0,0
2026-07-29,,,,,10-18,,,,,,,,,,,,,,,,,,,,,,,,,,,,0,0,0,0,0,0,1,1,summer,0,117,0,0,summer,last_week,1,40,0,0
2026-07-30,,,,,10-18,,,,,,,,,,,,,,,,,,,,,,,,,,,,0,0,0,0,0,0,1,1,summer,0,118,0,0,summer,last_week,1,40,0,0
2026-07-31,,,,,10-18,,,,,,,,,,,,,,,,,,,,,,,,,,,,0,0,0,0,0,0,1,1,summer,0,119,0,0,summer,last_week,1,40,0,2
2026-08-01,,,,,10-18,,,,,,,,,,,,,,,,,,,,,,,,,,,,0,0,0,0,0,0,1,1,summer,0,120,0,0,summer,first_week,0,40,0,2
2026-08-02,,,,,10-18,,,,,,,,,,,,,,,,,,,,,,,,,,,,0,0,0,0,0,0,1,1,summer,0,121,0,0,summer,first_week,0,40,0,2
2026-08-03,,,,,10-18,,,,,,,,,,,,,,,,,,,,,,,,,,,,0,0,0,0,0,0,1,1,summer,0,122,0,0,summer,first_week,0,40,0,2
2026-08-04,,,,,10-18,,,,,,,,,,,,,,,,,,,,,,,,,,,,0,0,0,0,0,0,1,1,summer,0,123,0,0,summer,first_week,0,40,0,0
2026-08-05,,,,,10-18,,,,,,,,,,,,,,,,,,,,,,,,,,,,0,0,0,0,0,0,1,1,summer,0,124,0,0,summer,first_week,0,40,0,0
2026-08-06,,,,,10-18,,,,,,,,,,,,,,,,,,,,,,,,,,,,0,0,0,0,0,0,1,1,summer,0,125,0,0,summer,first_week,0,40,0,0
2026-08-07,,,,,10-18,,,,,,,,,,,,,,,,,,,,,,,,,,,,0,0,0,0,0,0,1,1,summer,0,126,0,0,summer,first_week,0,40,0,2
2026-08-08,,,,,10-18,,,,,,,,,,,,,,,,,,,,,,,,,,,,0,0,0,0,0,0,1,1,summer,0,127,0,0,summer,second_week,0,40,0,2
2026-08-09,,,,,10-18,,,,,,,,,,,,,,,,,,,,,,,,,,,,0,0,0,0,0,0,1,1,summer,0,128,0,0,summer,second_week,0,40,0,2
2026-08-10,,,,,10-18,,,,,,,,,,,,,,,,,,,,,,,,,,,,0,0,0,0,0,0,1,1,summer,0,129,0,0,summer,second_week,0,40,0,2
2026-08-11,,,,,10-18,,,,,,,,,,,,,,,,,,,,,,,,,,,,0,0,0,0,0,0,1,1,summer,0,130,0,0,summer,second_week,0,40,0,0
2026-08-12,,,,,10-18,,,,,,,,,,,,,,,,,,,,,,,,,,,,0,0,0,0,0,0,1,1,summer,0,131,0,0,summer,second_week,0,40,0,0
2026-08-13,,,,,10-18,,,,,,,,,,,,,,,,,,,,,,,,,,,,0,0,0,0,0,0,1,1,summer,0,132,0,0,summer,second_week,0,40,0,0
2026-08-14,,,,,10-18,,,,,,,,,,,,,,,,,,,,,,,,,,,,0,0,0,0,0,0,1,1,summer,0,133,0,0,summer,second_week,0,40,0,2
2026-08-15,,,,,10-18,,,,,,,,,,,,,,,,,,,,,,,,,,,,0,0,0,0,0,0,1,1,summer,0,134,0,0,summer,third_week,0,40,0,2
2026-08-16,,,,,10-18,,,,,,,,,,,,,,,,,,,,,,,,,,,,0,0,0,0,0,0,1,1,summer,0,135,0,0,summer,third_week,0,40,0,2
2026-08-17,,,,,10-18,,,,,,,,,,,,,,,,,,,,,,,,,,,,0,0,0,0,0,0,1,1,summer,0,136,0,0,summer,third_week,0,40,0,2
2026-08-18,,,,,10-18,,,,,,,,,,,,,,,,,,,,,,,,,,,,0,0,0,0,0,0,1,1,summer,0,137,0,0,summer,third_week,0,40,0,0
2026-08-19,,,,,10-18,,,,,,,,,,,,,,,,,,,,,,,,,,,,0,0,0,0,0,0,1,1,summer,0,138,0,0,summer,third_week,0,40,0,0
2026-08-20,,,,,10-18,,,,,,,,,,,,,,,,,,,,,,,,,,,,0,0,0,0,0,0,1,1,summer,0,139,0,0,summer,third_week,0,40,0,0
2026-08-21,,,,,10-18,,,,,,,,,,,,,,,,,,,,,,,,,,,,0,0,0,0,0,0,1,1,summer,0,140,0,0,summer,third_week,0,40,0,2
2026-08-22,,,,,10-18,,,,,,,,,,,,,,,,,,,,,,,,,,,,0,0,0,0,0,0,1,1,summer,0,141,0,0,summer,last_week,0,40,0,2
2026-08-23,,,,,10-18,,,,,,,,,,,,,,,,,,,,,,,,,,,,0,0,0,0,0,0,1,1,summer,0,142,0,0,summer,last_week,0,40,0,2
2026-08-24,,,,,10-18,,,,,,,,,,,,,,,,,,,,,,,,,,,,0,0,0,0,0,0,1,1,summer,0,143,0,0,summer,last_week,0,40,0,2
2026-08-25,,,,,10-18,,,,,,,,,,,,,,,,,,,,,,,,,,,,0,0,0,0,0,0,1,1,summer,0,144,0,0,summer,last_week,1,40,0,0
2026-08-26,,,,,10-18,,,,,,,,,,,,,,,,,,,,,,,,,,,,0,0,0,0,0,0,1,1,summer,0,145,0,0,summer,last_week,1,40,0,0
2026-08-27,,,,,10-18,,,,,,,,,,,,,,,,,,,,,,,,,,,,0,0,0,0,0,0,1,1,summer,0,146,0,0,summer,last_week,1,40,0,0
2026-08-28,,,,,10-18,,,,,,,,,,,,,,,,,,,,,,,,,,,,0,0,0,0,0,0,1,1,summer,0,147,0,0,summer,last_week,1,40,0,2
2026-08-29,,,,,10-18,,,,,,,,,,,,,,,,,,,,,,,,,,,,0,0,0,0,0,0,1,1,summer,0,148,0,0,summer,last_week,1,40,0,2
2026-08-30,,,,,10-18,,,,,,,,,,,,,,,,,,,,,,,,,,,,0,0,0,0,0,0,1,1,summer,0,149,0,0,summer,last_week,1,40,0,2
2026-08-31,,,,,10-18,,,,,,,,,,,,,,,,,,,,,,,,,,,,0,0,0,0,0,0,1,1,summer,0,150,0,0,summer,last_week,1,40,0,2
2026-09-01,,,,,,,,,,,,,,,,,,,,,,,,,,,,,,,,,0,0,0,0,0,0,0,0,,58,0,0,0,autumn,first_week,0,1,0,0
2026-09-02,,,,,,,,,,,,,,,,,,,,,,,,,,,,,,,,,0,0,0,0,0,0,0,0,,57,0,0,0,autumn,first_week,0,1,0,0
2026-09-03,,,,,,,,,,,,,,,,,,,,,,,,,,,,,,,,,0,0,0,0,0,0,0,0,,56,0,0,0,autumn,first_week,0,1,0,0
2026-09-04,,,,,,,,,,,,,,,,,,,,,,,,,,,,,,,,,0,0,0,0,0,0,0,0,,55,0,0,0,autumn,first_week,0,1,0,2
2026-09-05,,,,,,,,,,,,,,,,,,,,,,,,,,,,,,,,,0,0,0,0,0,0,0,0,,54,0,0,0,autumn,first_week,0,1,0,2
2026-09-06,,,,,,,,,,,,,,,,,,,,,,,,,,,,,,,,,0,0,0,0,0,0,0,0,,53,0,0,0,autumn,first_week,0,1,0,2
2026-09-07,,,,,,,,,,,,,,,,,,,,,,,,,,,,,,,,,0,0,0,0,0,0,0,0,,52,0,0,0,autumn,first_week,0,1,0,2
2026-09-08,,,,,,,,,,,,,,,,,,,,,,,,,,,,,,,,,0,0,0,0,0,0,0,0,,51,0,0,0,autumn,second_week,0,2,0,0
2026-09-09,,,,,,,,,,,,,,,,,,,,,,,,,,,,,,,,,0,0,0,0,0,0,0,0,,50,0,0,0,autumn,second_week,0,2,0,0
2026-09-10,,,,,,,,,,,,,,,,,,,,,,,,,,,,,,,,,0,0,0,0,0,0,0,0,,49,0,0,0,autumn,second_week,0,2,0,0
2026-09-11,,,,,,,,,,,,,,,,,,,,,,,,,,,,,,,,,0,0,0,0,0,0,0,0,,48,0,0,0,autumn,second_week,0,2,0,2
2026-09-12,,,,,,,,,,,,,,,,,,,,,,,,,,,,,,,,,0,0,0,0,0,0,0,0,,47,0,0,0,autumn,second_week,0,2,0,2
2026-09-13,,,,,,,,,,,,,,,,,,,,,,,,,,,,,,,,,0,0,0,0,0,0,0,0,,46,0,0,0,autumn,second_week,0,2,0,2
2026-09-14,,,,,,,,,,,,,,,,,,,,,,,,,,,,,,,,,0,0,0,0,0,0,0,0,,45,0,0,0,autumn,second_week,0,2,0,2
2026-09-15,,,,,,,,,,,,,,,,,,,,,,,,,,,,,,,,,0,0,0,0,0,0,0,0,,44,0,0,0,autumn,third_week,0,3,0,0
2026-09-16,,,,,,,,,,,,,,,,,,,,,,,,,,,,,,,,,0,0,0,0,0,0,0,0,,43,0,0,0,autumn,third_week,0,3,0,0
2026-09-17,,,,,,,,,,,,,,,,,,,,,,,,,,,,,,,,,0,0,0,0,0,0,0,0,,42,0,0,0,autumn,third_week,0,3,0,0
2026-09-18,,,,,,,,,,,,,,,,,,,,,,,,,,,,,,,,,0,0,0,0,0,0,0,0,,41,0,0,0,autumn,third_week,0,3,0,2
2026-09-19,,,,,,,,,,,,,,,,,,,,,,,,,,,,,,,,,0,0,0,0,0,0,0,0,,40,0,0,0,autumn,third_week,0,3,0,2
2026-09-20,,,,,,,,,,,,,,,,,,,,,,,,,,,,,,,,,0,0,0,0,0,0,0,0,,39,0,0,0,autumn,third_week,0,3,0,2
2026-09-21,,,,,,,,,,,,,,,,,,,,,,,,,,,,,,,,,0,0,0,0,0,0,0,0,,38,0,0,0,autumn,third_week,0,3,0,2
2026-09-22,,,,,,,,,,,,,,,,,,,,,,,,,,,,,,,,,0,0,0,0,0,0,0,0,,37,0,0,0,autumn,last_week,0,4,0,0
2026-09-23,,,,,,,,,,,,,,,,,,,,,,,,,,,,,,,,,0,0,0,0,0,0,0,0,,36,0,0,0,autumn,last_week,0,4,0,0
2026-09-24,,,,,,,,,,,,,,,,,,,,,,,,,,,,,,,,,0,0,0,0,0,0,0,0,,35,0,0,0,autumn,last_week,0,4,0,0
2026-09-25,,,,,,,,,,,,,,,,,,,,,,,,,,,,,,,,,0,0,0,0,0,0,0,0,,34,0,0,0,autumn,last_week,1,4,1,2
2026-09-26,,,,,,,,,,,,,,,,,,,,,,,,,,,,,,,,,0,0,0,0,0,0,0,0,,33,0,0,0,autumn,last_week,1,4,0,2
2026-09-27,,,,,,,,,,,,,,,,,,,,,,,,,,,,,,,,,0,0,0,0,0,0,0,0,,32,0,0,0,autumn,last_week,1,4,0,3
2026-09-28,,,,Den české státnosti,,,,,,,,,,,,,,,,,,,,,,,,,,,,,1,0,0,0,0,0,0,0,,31,0,0,0,autumn,last_week,1,4,0,2
2026-09-29,,,,,,,,,,,,,,,,,,,,,,,,,,,,,,,,,0,0,0,0,0,0,0,0,,30,0,0,0,autumn,last_week,1,5,0,0
2026-09-30,,,,,,,,,,,,,,,,,,,,,,,,,,,,,,,,,0,0,0,0,0,0,0,0,,29,0,0,0,autumn,last_week,1,5,0,0
2026-10-01,,,,,,,,,,,,,,,,,,,,,,,,,,,,,,,,,0,0,0,0,0,0,0,0,,28,0,0,0,autumn,first_week,0,5,0,0
2026-10-02,,,,,,,,,,,,,,,,,,,,,,,,,,,,,,,,,0,0,0,0,0,0,0,0,,27,0,0,0,autumn,first_week,0,5,0,2
2026-10-03,,,,,,,,,,,,,,,,,,,,,,,,,,,,,,,,,0,0,0,0,0,0,0,0,,26,0,0,0,autumn,first_week,0,5,0,2
2026-10-04,,,,,,,,,,,,,,,,,,,,,,,,,,,,,,,,,0,0,0,0,0,0,0,0,,25,0,0,0,autumn,first_week,0,5,0,2
2026-10-05,,,,,,,,,,,,,,,,,,,,,,,,,,,,,,,,,0,0,0,0,0,0,0,0,,24,0,0,0,autumn,first_week,0,5,0,2
2026-10-06,,,,,,,,,,,,,,,,,,,,,,,,,,,,,,,,,0,0,0,0,0,0,0,0,,23,0,0,0,autumn,first_week,0,6,0,0
2026-10-07,,,,,,,,,,,,,,,,,,,,,,,,,,,,,,,,,0,0,0,0,0,0,0,0,,22,0,0,0,autumn,first_week,0,6,0,0
2026-10-08,,,,,,,,,,,,,,,,,,,,,,,,,,,,,,,,,0,0,0,0,0,0,0,0,,21,0,0,0,autumn,second_week,0,6,0,0
2026-10-09,,,,,,,,,,,,,,,,,,,,,,,,,,,,,,,,,0,0,0,0,0,0,0,0,,20,0,0,0,autumn,second_week,0,6,0,2
2026-10-10,,,,,,,,,,,,,,,,,,,,,,,,,,,,,,,,,0,0,0,0,0,0,0,0,,19,0,0,0,autumn,second_week,0,6,0,2
2026-10-11,,,,,,,,,,,,,,,,,,,,,,,,,,,,,,,,,0,0,0,0,0,0,0,0,,18,0,0,0,autumn,second_week,0,6,0,2
2026-10-12,,,,,,,,,,,,,,,,,,,,,,,,,,,,,,,,,0,0,0,0,0,0,0,0,,17,0,0,0,autumn,second_week,0,6,0,2
2026-10-13,,,,,,,,,,,,,,,,,,,,,,,,,,,,,,,,,0,0,0,0,0,0,0,0,,16,0,0,0,autumn,second_week,0,7,0,0
2026-10-14,,,,,,,,,,,,,,,,,,,,,,,,,,,,,,,,,0,0,0,0,0,0,0,0,,15,0,0,0,autumn,second_week,0,7,0,0
2026-10-15,,,,,,,,,,,,,,,,,,,,,,,,,,,,,,,,,0,0,0,0,0,0,0,0,,14,0,0,0,autumn,third_week,0,7,0,0
2026-10-16,,,,,,,,,,,,,,,,,,,,,,,,,,,,,,,,,0,0,0,0,0,0,0,0,,13,0,0,0,autumn,third_week,0,7,0,2
2026-10-17,,,,,,,,,,,,,,,,,,,,,,,,,,,,,,,,,0,0,0,0,0,0,0,0,,12,0,0,0,autumn,third_week,0,7,0,2
2026-10-18,,,,,,,,,,,,,,,,,,,,,,,,,,,,,,,,,0,0,0,0,0,0,0,0,,11,0,0,0,autumn,third_week,0,7,0,2
2026-10-19,,,,,,,,,,,,,,,,,,,,,,,,,,,,,,,,,0,0,0,0,0,0,0,0,,10,0,0,0,autumn,third_week,0,7,0,2
2026-10-20,,,,,,,,,,,,,,,,,,,,,,,,,,,,,,,,,0,0,0,0,0,0,0,0,,9,0,0,0,autumn,third_week,0,8,0,0
2026-10-21,,,,,,,,,,,,,,,,,,,,,,,,,,,,,,,,,0,0,0,0,0,0,0,0,,8,0,0,0,autumn,third_week,0,8,0,0
2026-10-22,,,,,,,,,,,,,,,,,,,,,,,,,,,,,,,,,0,0,0,0,0,0,0,0,,7,0,1,0,autumn,last_week,0,8,0,0
2026-10-23,,,,,,,,,,,,,,,,,,,,,,,,,,,,,,,,,0,0,0,0,0,0,0,0,,6,0,1,0,autumn,last_week,0,8,0,2
2026-10-24,,,,,,,,,,,,,,,,,,,,,,,,,,,,,,,,,0,0,0,0,0,0,0,0,,5,0,1,0,autumn,last_week,0,8,0,2
2026-10-25,,,,,,,,,,,,,,,,,,,,,,,,,,,,,,,,,0,0,0,0,0,0,0,0,,4,0,1,0,autumn,last_week,1,8,0,2
2026-10-26,,,,,,,,,,,,,,,,,,,,,,,,,,,,,,,,,0,0,0,0,0,0,0,0,,3,0,1,0,autumn,last_week,1,8,0,2
2026-10-27,,,,,,,,,,,,,,,,,,,,,,,,,,,,,,,,,0,0,0,0,0,0,0,0,,2,0,1,0,autumn,last_week,1,9,0,0
2026-10-28,,,,Den vzniku samostatného československého státu,,,,,,,,,,,,,,,,,,,,,,,,,,,,,1,0,0,0,0,0,0,0,,1,0,1,0,autumn,last_week,1,9,0,0
2026-10-29,,,,,,,,,,,,,,,,,,,,,,,,,,,,,,,,,0,0,1,0,0,0,0,1,autumn,55,0,0,0,autumn,last_week,1,9,0,0
2026-10-30,,,,,,,,,,,,,,,,,,,,,,,,,,,,,,,,,0,0,1,0,0,0,0,1,autumn,54,0,0,0,autumn,last_week,1,9,0,2
2026-10-31,,,,,,,,,,,,,,,,,,,,,,,,,,,,,,,,,0,0,0,0,0,0,0,0,,53,1,0,1,autumn,last_week,1,9,0,2
2026-11-01,,,,,,,,,,,,,,,,,,,,,,,,,,,,,,,,,0,0,0,0,0,0,0,0,,52,2,0,1,autumn,first_week,0,9,0,2
2026-11-02,,,,,,,,,,,,,,,,,,,,,,,,,,,,,,,,,0,0,0,0,0,0,0,0,,51,3,0,1,autumn,first_week,0,9,0,2
2026-11-03,,,,,,,,,,,,,,,,,,,,,,,,,,,,,,,,,0,0,0,0,0,0,0,0,,50,4,0,1,autumn,first_week,0,10,0,0
2026-11-04,,,,,,,,,,,,,,,,,,,,,,,,,,,,,,,,,0,0,0,0,0,0,0,0,,49,5,0,1,autumn,first_week,0,10,0,0
2026-11-05,,,,,,,,,,,,,,,,,,,,,,,,,,,,,,,,,0,0,0,0,0,0,0,0,,48,6,0,1,autumn,first_week,0,10,0,0
2026-11-06,,,,,,,,,,,,,,,,,,,,,,,,,,,,,,,,,0,0,0,0,0,0,0,0,,47,7,0,1,autumn,first_week,0,10,0,2
2026-11-07,,,,,,,,,,,,,,,,,,,,,,,,,,,,,,,,,0,0,0,0,0,0,0,0,,46,8,0,0,autumn,first_week,0,10,0,2
2026-11-08,,,,,,,,,,,,,,,,,,,,,,,,,,,,,,,,,0,0,0,0,0,0,0,0,,45,9,0,0,autumn,second_week,0,10,0,2
2026-11-09,,,,,,,,,,,,,,,,,,,,,,,,,,,,,,,,,0,0,0,0,0,0,0,0,,44,10,0,0,autumn,second_week,0,10,0,2
2026-11-10,,,,,,,,,,,,,,,,,,,,,,,,,,,,,,,,,0,0,0,0,0,0,0,0,,43,11,0,0,autumn,second_week,0,11,0,0
2026-11-11,,,,,,,,,,,,,,,,,,,,,,,,,,,,,,,,,0,0,0,0,0,0,0,0,,42,12,0,0,autumn,second_week,0,11,0,0
2026-11-12,,,,,,,,,,,,,,,,,,,,,,,,,,,,,,,,,0,0,0,0,0,0,0,0,,41,13,0,0,autumn,second_week,0,11,0,0
2026-11-13,,,,,,,,,,,,,,,,,,,,,,,,,,,,,,,,,0,0,0,0,0,0,0,0,,40,14,0,0,autumn,second_week,0,11,0,2
2026-11-14,,,,,,,,,,,,,,,,,,,,,,,,,,,,,,,,,0,0,0,0,0,0,0,0,,39,15,0,0,autumn,second_week,0,11,0,2
2026-11-15,,,,,,,,,,,,,,,,,,,,,,,,,,,,,,,,,0,0,0,0,0,0,0,0,,38,16,0,0,autumn,third_week,0,11,0,2
2026-11-16,,,,,,,,,,,,,,,,,,,,,,,,,,,,,,,,,0,0,0,0,0,0,0,0,,37,17,0,0,autumn,third_week,0,11,0,2
2026-11-17,,,,Den boje za svobodu a demokracii,,,,,,,,,,,,,,,,,,,,,,,,,,,,,1,0,0,0,0,0,0,0,,36,18,0,0,autumn,third_week,0,12,0,0
2026-11-18,,,,,,,,,,,,,,,,,,,,,,,,,,,,,,,,,0,0,0,0,0,0,0,0,,35,19,0,0,autumn,third_week,0,12,0,0
2026-11-19,,,,,,,,,,,,,,,,,,,,,,,,,,,,,,,,,0,0,0,0,0,0,0,0,,34,20,0,0,autumn,third_week,0,12,0,0
2026-11-20,,,,,,,,,,,,,,,,,,,,,,,,,,,,,,,,,0,0,0,0,0,0,0,0,,33,21,0,0,autumn,third_week,0,12,0,2
2026-11-21,,,,,,,,,,,,,,,,,,,,,,,,,,,,,,,,,0,0,0,0,0,0,0,0,,32,22,0,0,autumn,third_week,0,12,0,2
2026-11-22,,,,,,,,,,,,,,,,,,,,,,,,,,,,,,,,,0,0,0,0,0,0,0,0,,31,23,0,0,autumn,last_week,0,12,0,2
2026-11-23,,,,,,,,,,,,,,,,,,,,,,,,,,,,,,,,,0,0,0,0,0,0,0,0,,30,24,0,0,autumn,last_week,0,12,0,2
2026-11-24,,,,,,,,,,,,,,,,,,,,,,,,,,,,,,,,,0,0,0,0,0,0,0,0,,29,25,0,0,autumn,last_week,0,13,0,0
2026-11-25,,,,,,,,,,,,,,,,,,,,,,,,,,,,,,,,,0,0,0,0,0,0,0,0,,28,26,0,0,autumn,last_week,1,13,0,0
2026-11-26,,,,,,,,,,,,,,,,,,,,,,,,,,,,,,,,,0,0,0,0,0,0,0,0,,27,27,0,0,autumn,last_week,1,13,0,0
2026-11-27,,,,,,,,,,,,,,,,,,,,,,,,,,,,,,,,,0,0,0,0,0,0,0,0,,26,28,0,0,autumn,last_week,1,13,0,2
2026-11-28,,,,,,,,,,,,,,,,,,,,,,,,,,,,,,,,,0,0,0,0,0,0,0,0,,25,29,0,0,autumn,last_week,1,13,0,2
2026-11-29,,,,,,,,,,,,,,,,,,,,,,,,,,,,,,,,,0,0,0,0,0,0,0,0,,24,30,0,0,autumn,last_week,1,13,0,2
2026-11-30,,,,,,,,,,,,,,,,,,,,,,,,,,,,,,,,,0,0,0,0,0,0,0,0,,23,31,0,0,autumn,last_week,1,13,0,2
2026-12-01,,,,,,,,,,,,,,,,,,,,,,,,,,,,,,,,,0,0,0,0,0,0,0,0,,22,32,0,0,winter,first_week,0,14,0,0
2026-12-02,,,,,,,,,,,,,,,,,,,,,,,,,,,,,,,,,0,0,0,0,0,0,0,0,,21,33,0,0,winter,first_week,0,14,0,0
2026-12-03,,,,,,,,,,,,,,,,,,,,,,,,,,,,,,,,,0,0,0,0,0,0,0,0,,20,34,0,0,winter,first_week,0,14,0,0
2026-12-04,,,,,,,,,,,,,,,,,,,,,,,,,,,,,,,,,0,0,0,0,0,0,0,0,,19,35,0,0,winter,first_week,0,14,0,2
2026-12-05,,,,,,,,,,,,,,,,,,,,,,,,,,,,,,,,,0,0,0,0,0,0,0,0,,18,36,0,0,winter,first_week,0,14,0,2
2026-12-06,,,,,,,,,,,,,,,,,,,,,,,,,,,,,,,,,0,0,0,0,0,0,0,0,,17,37,0,0,winter,first_week,0,14,0,2
2026-12-07,,,,,,,,,,,,,,,,,,,,,,,,,,,,,,,,,0,0,0,0,0,0,0,0,,16,38,0,0,winter,first_week,0,14,0,2
2026-12-08,,,,,,,,,,,,,,,,,,,,,,,,,,,,,,,,,0,0,0,0,0,0,0,0,,15,39,0,0,winter,second_week,0,15,0,0
2026-12-09,,,,,,,,,,,,,,,,,,,,,,,,,,,,,,,,,0,0,0,0,0,0,0,0,,14,40,0,0,winter,second_week,0,15,0,0
2026-12-10,,,,,,,,,,,,,,,,,,,,,,,,,,,,,,,,,0,0,0,0,0,0,0,0,,13,41,0,0,winter,second_week,0,15,0,0
2026-12-11,,,,,,,,,,,,,,,,,,,,,,,,,,,,,,,,,0,0,0,0,0,0,0,0,,12,42,0,0,winter,second_week,0,15,0,2
2026-12-12,,,,,,,,,,,,,,,,,,,,,,,,,,,,,,,,,0,0,0,0,0,0,0,0,,11,43,0,0,winter,second_week,0,15,0,2
2026-12-13,,,,,,,,,,,,,,,,,,,,,,,,,,,,,,,,,0,0,0,0,0,0,0,0,,10,44,0,0,winter,second_week,0,15,0,2
2026-12-14,,,,,,,,,,,,,,,,,,,,,,,,,,,,,,,,,0,0,0,0,0,0,0,0,,9,45,0,0,winter,second_week,0,15,0,2
2026-12-15,,,,,,,,,,,,,,,,,,,,,,,,,,,,,,,,,0,0,0,0,0,0,0,0,,8,46,0,0,winter,third_week,0,16,0,0
2026-12-16,,,,,,,,,,,,,,,,,,,,,,,,,,,,,,,,,0,0,0,0,0,0,0,0,,7,47,1,0,winter,third_week,0,16,0,0
2026-12-17,,,,,,,,,,,,,,,,,,,,,,,,,,,,,,,,,0,0,0,0,0,0,0,0,,6,48,1,0,winter,third_week,0,16,0,0
2026-12-18,,,,,,,,,,,,,,,,,,,,,,,,,,,,,,,,,0,0,0,0,0,0,0,0,,5,49,1,0,winter,third_week,0,16,0,2
2026-12-19,,,,,,,,,,,,,,,,,,,,,,,,,,,,,,,,,0,0,0,0,0,0,0,0,,4,50,1,0,winter,third_week,0,16,0,2
2026-12-20,,,,,,,,,,,,,,,,,,,,,,,,,,,,,,,,,0,0,0,0,0,0,0,0,,3,51,1,0,winter,third_week,0,16,0,2
2026-12-21,,,,,,,,,,,,,,,,,,,,,,,,,,,,,,,,,0,0,0,0,0,0,0,0,,2,52,1,0,winter,third_week,0,16,0,2
2026-12-22,,,,,,,,,,,,,,,,,,,,,,,,,,,,,,,,,0,0,0,0,0,0,0,0,,1,53,1,0,winter,last_week,0,17,0,0
2026-12-23,,,,,,,,,,,,,,,,,,,,,,,,,,,,,,,,,0,0,0,1,0,0,0,1,winter,37,54,0,0,winter,last_week,0,17,0,0
2026-12-24,,,,Štědrý den,,,,,,,,,,,,,,,,,,,,,,,,,,,,,1,0,0,1,0,0,0,1,winter,36,55,0,0,winter,last_week,0,17,0,0
2026-12-25,,,,1. svátek vánoční,,,,,,,,,,,,,,,,,,,,,,,,,,,,,1,0,0,1,0,0,0,1,winter,35,56,0,0,winter,last_week,1,17,0,2
2026-12-26,,,,2. svátek vánoční,,,,,,,,,,,,,,,,,,,,,,,,,,,,,1,0,0,1,0,0,0,1,winter,34,57,0,0,winter,last_week,1,17,0,2
2026-12-27,,,,,,,,,,,,,,,,,,,,,,,,,,,,,,,,,0,0,0,1,0,0,0,1,winter,33,58,0,0,winter,last_week,1,17,0,3
2026-12-28,,,,,,,,,,,,,,,,,,,,,,,,,,,,,,,,,0,0,0,1,0,0,0,1,winter,32,59,0,0,winter,last_week,1,17,1,2
2026-12-29,,,,,,,,,,,,,,,,,,,,,,,,,,,,,,,,,0,0,0,1,0,0,0,1,winter,31,60,0,0,winter,last_week,1,18,0,0
2026-12-30,,,,,,,,,,,,,,,,,,,,,,,,,,,,,,,,,0,0,0,1,0,0,0,1,winter,30,61,0,0,winter,last_week,1,18,0,0
2026-12-31,,,,,,,,,,,,,,,,,,,,,,,,,,,,,,,,,0,0,0,1,0,0,0,1,winter,29,62,0,0,winter,last_week,1,18,0,0
